hash,NF,ENTROPY,LA,LD,LT,FIX,NBR,RELATIVE_CHURN,RELATIVE_LT,is_buggy
5fa801188cc44045d5b948f9a29bcca94768ecfb,2,0.4394969869215134,44,0,0,0,0,44.0,0.0,1
085809d6073759f8ed287c4249e4a53c63a81003,2,0.9182958340544896,2,1,44,0,0,0.06818181818181818,22.0,1
1099a342bf6301ecd76c44d4b8508d9617fdac10,1,0.0,1,0,40,0,0,0.025,40.0,0
c0c26658bbc63c29acf8e1744473895a312af274,2,0.9910760598382222,2,7,46,1,0,0.1956521739130435,23.0,0
4328f06047f8007060d31c4d3c9977102b0a2279,1,0.0,1,0,41,0,0,0.024390243902439025,41.0,0
