hash,NF,ENTROPY,LA,LD,LT,FIX,NBR,RELATIVE_CHURN,RELATIVE_LT,is_buggy
1e9a942d0989cff67d2b54b7299bdf89c6c32246,1,0.0,38,0,0,0,0,38.0,0.0,1
a14b7360d52141dc9e7ea51e7dea9050ddcab119,1,0.0,38,0,0,0,0,38.0,0.0,1
5c4c3ba342a0277bacbba4ad71bc63964e1e1076,1,0.0,1,0,38,0,0,0.02631578947368421,38.0,0
79ff6147ba99493754a15f278bb48181f0e226ba,1,0.0,1,0,38,0,0,0.02631578947368421,38.0,0
1708e9256f9b832395627e835009db2a258492f0,1,0.0,39,0,0,0,0,39.0,0.0,0
544a64796e9f6cf440eef39a387b2997c9efe5b2,1,0.0,39,0,0,0,0,39.0,0.0,1
8a0147ae4e5f28701941b0581da65f8d66557777,3,1.0,30,21,117,1,0,0.4358974358974359,39.0,0
7f34998dab7eec550ba247c5a621504141c4eb04,3,1.0,3,3,126,0,0,0.047619047619047616,42.0,0
