hash,NF,ENTROPY,LA,LD,LT,FIX,NBR,RELATIVE_CHURN,RELATIVE_LT,is_buggy
87fee426e2233aeeae1891886e0bffc6fa8df239,1,0,31,0,0,0,0,31.0,0.0,0
ebab050c3bda18f9293d41a1fa6e46633fe4a7d9,1,0,15,16,31,0,0,1.0,31.0,1
53cc1fafd01bc47ae76b1e42e5b8c81237f4f5a0,1,0,22,1,30,0,0,0.7666666666666667,30.0,1
3a3a01150da14463222ecc9b5bb52221c314e1a0,1,0,4,4,51,1,0,0.1568627450980392,51.0,0
6a502dd8aa4e4c279c981ad8b3fbf42db9e803cd,1,0,5,3,51,1,0,0.1568627450980392,51.0,0
