hash,NF,ENTROPY,LA,LD,LT,FIX,NBR,RELATIVE_CHURN,RELATIVE_LT,is_buggy
47fe98ce16a0ded381f2fa9806ee29ab52bc05f5,1,0,146,0,0,0,0,146.0,0.0,0
463fcd587aea6d485f2fc0f90ed53dc6ef107793,1,0,18,0,0,0,0,18.0,0.0,1
5d923e14c7a744f1591a3c0b40911071e2da0b55,1,0,56,0,0,0,0,56.0,0.0,0
50332b3b4b2865f5a9d6fd0c282d1ce8fb8328b3,1,0,9,7,18,1,0,0.8888888888888888,18.0,0
ecb9179750652b3f1c5cdd54e84d024fe0b77e72,1,0,1,0,56,1,0,0.017857142857142856,56.0,0
