hash,NF,ENTROPY,LA,LD,LT,FIX,NBR,RELATIVE_CHURN,RELATIVE_LT,is_buggy
704b1c5629170cd5aeecef6fd2416b92b3009312,1,0,15,0,0,0,0,15.0,0.0,0
2689ecbca70730bc7bb0866646db685c11df1fa2,1,0,4,3,15,0,0,0.4666666666666667,15.0,0
6532ce45c8b730929ca4adb1860e76d607ae8409,1,0,15,12,16,0,0,1.6875,16.0,0
3f860e17a4cdce1c1746cb8d63dad31e3c051c30,1,0,1,0,19,0,0,0.05263157894736842,19.0,0
